IDENTYFIKATOR ZAMÓWIENIA,MARKETPLACE,NAZWA CENTRUM HANDLOWEGO,DATA PŁATNOŚCI ZAMÓWIENIA,TYP SPRZEDAŻY,SKU SPRZEDAWCY,STAWKA VAT OD PRZEDMIOTÓW,ILOŚĆ,"KRAJ WYJŚCIA TRANSAKCJI ",KRAJ PRZYBYCIA TRANSAKCJI,CENA PRODUKTÓW (BEZ VAT),CENA DOTACJI (BEZ VAT),CENA DOTACJI DO WYSYŁKI (BEZ VAT),CENA WYSYŁKI (BEZ VAT),"Etykieta wysyłkowa do zwrotu zakupu objętego platformą (wraz z podatkiem, jeśli dotyczy)","Etykieta wysyłkowa do korekty zwrotu zakupu objętego platformą (wraz z podatkiem, jeśli dotyczy)",KWOTA VAT OD PRZEDMIOTÓW,KWOTA VAT DOTACJI,KWOTA PODATKU VAT DOTACJI DO WYSYŁKI,KWOTA VAT WYSYŁKI,PODATEK CAŁKOWITY,WALUTA,IDENTYFIKATOR FAKTURY,IDENTYFIKATOR FAKTURY SUBWENCYJNEJ
PO-162-16817426755192529,PL,ExclusiveKG,2 sty. 2026,sales,55746528071538,23%,1,PL,PL,"43,29","0,00","0,00","10,56","0,00","0,00","9,96","0,00","0,00","2,43","12,39",PLN,INV-PL-1220800-2026-38,
PO-162-20629168968313617,PL,ExclusiveKG,6 sty. 2026,sales,55995636157652,23%,1,PL,PL,"17,76","0,00","0,00","10,56","0,00","0,00","4,09","0,00","0,00","2,43","6,52",PLN,INV-PL-1220800-2026-43,
PO-162-01671879826552179,PL,ExclusiveKG,7 sty. 2026,sales,61776662144869,23%,1,PL,PL,"77,91","9,82","0,00","0,00","0,00","0,00","17,92","2,26","0,00","0,00","20,18",PLN,INV-PL-1220800-2026-56,INV-PL-1220800-2026-57
PO-162-09117123520632600,PL,ExclusiveKG,13 sty. 2026,sales,55746528071538,23%,1,PL,PL,"1,71","37,29","0,00","0,00","0,00","0,00","0,40","8,58","0,00","0,00","8,98",PLN,INV-PL-1220800-2026-97,INV-PL-1220800-2026-98
PO-162-02342289610872279,PL,ExclusiveKG,23 sty. 2026,sales,64783139262991,23%,1,PL,PL,"16,65","0,00","0,00","10,56","0,00","0,00","3,83","0,00","0,00","2,43","6,26",PLN,INV-PL-1220800-2026-157,
PO-162-16790190398072179,PL,ExclusiveKG,13 sty. 2026,return,61776662144869,23%,1,PL,PL,"-97,38","0,00","0,00","0,00","0,00","0,00","-22,40","0,00","0,00","0,00","-22,40",PLN,CN-PL-1220800-2026-3,
PO-162-02573864266871411,PL,ExclusiveKG,23 sty. 2026,sales,58718645412546,23%,1,PL,PL,"12,21","0,00","0,00","10,56","0,00","0,00","2,81","0,00","0,00","2,43","5,24",PLN,INV-PL-1220800-2026-166,
PO-162-08785197614713349,PL,ExclusiveKG,29 sty. 2026,sales,58718645412546,23%,1,PL,PL,"12,21","0,00","0,00","10,56","0,00","0,00","2,81","0,00","0,00","2,43","5,24",PLN,INV-PL-1220800-2026-196,
PO-162-04731289539190070,PL,ExclusiveKG,3 sty. 2026,sales,63133871828449,23%,2,PL,PL,"46,64","0,00","0,00","10,56","0,00","0,00","10,72","0,00","0,00","2,43","13,15",PLN,,
PO-162-18051007652472598,PL,ExclusiveKG,10 sty. 2026,sales,68846178312392,23%,1,PL,PL,"16,65","0,00","0,00","10,56","0,00","0,00","3,83","0,00","0,00","2,43","6,26",PLN,INV-PL-1220800-2026-88,
PO-162-04123070510710401,PL,ExclusiveKG,11 sty. 2026,sales,55995636157652,23%,1,PL,PL,"17,76","0,00","0,00","10,56","0,00","0,00","4,09","0,00","0,00","2,43","6,52",PLN,INV-PL-1220800-2026-83,
PO-162-17211748137593792,PL,ExclusiveKG,18 sty. 2026,sales,57438745163661,23%,1,PL,PL,"12,21","0,00","0,00","10,56","0,00","0,00","2,81","0,00","0,00","2,43","5,24",PLN,INV-PL-1220800-2026-117,
PO-162-10886736502390788,PL,ExclusiveKG,21 sty. 2026,sales,65934190508958,23%,1,PL,PL,"57,06","6,94","0,00","0,00","0,00","0,00","13,12","1,60","0,00","0,00","14,72",PLN,,
PO-162-21960389863030288,PL,ExclusiveKG,22 sty. 2026,sales,58718645412546,23%,1,PL,PL,"8,62","2,38","0,00","10,56","0,00","0,00","1,98","0,55","0,00","2,43","4,96",PLN,INV-PL-1220800-2026-140,INV-PL-1220800-2026-141
PO-162-02570948457591458,PL,ExclusiveKG,23 sty. 2026,sales,55746528071538,23%,1,PL,PL,"43,29","0,00","0,00","10,56","0,00","0,00","9,96","0,00","0,00","2,43","12,39",PLN,INV-PL-1220800-2026-155,
PO-162-14041606605431904,PL,ExclusiveKG,28 sty. 2026,sales,58718645412546,23%,1,PL,PL,"12,21","0,00","0,00","10,56","0,00","0,00","2,81","0,00","0,00","2,43","5,24",PLN,INV-PL-1220800-2026-186,
PO-162-09597440361590283,PL,ExclusiveKG,13 sty. 2026,sales,55746528071538,23%,1,PL,PL,"43,29","0,00","0,00","10,56","0,00","0,00","9,96","0,00","0,00","2,43","12,39",PLN,INV-PL-1220800-2026-95,
PO-162-21612822779512392,PL,ExclusiveKG,22 sty. 2026,sales,55746528071538,23%,1,PL,PL,"38,96","0,04","0,00","10,56","0,00","0,00","8,97","0,01","0,00","2,43","11,41",PLN,INV-PL-1220800-2026-150,INV-PL-1220800-2026-151
PO-162-08716639109752925,PL,ExclusiveKG,29 sty. 2026,return,55995636157652,23%,1,PL,PL,"-17,76","0,00","0,00","0,00","0,00","0,00","-4,09","0,00","0,00","0,00","-4,09",PLN,,
PO-162-16917058279031935,PL,ExclusiveKG,2 sty. 2026,sales,56811679933856,23%,1,PL,PL,"10,36","0,64","0,00","10,56","0,00","0,00","2,39","0,15","0,00","2,43","4,97",PLN,INV-PL-1220800-2026-21,INV-PL-1220800-2026-22
PO-162-15728543977590091,PL,ExclusiveKG,4 sty. 2026,sales,52808770449590,23%,2,PL,PL,"24,42","0,00","0,00","10,56","0,00","0,00","5,62","0,00","0,00","2,43","8,05",PLN,INV-PL-1220800-2026-36,
PO-162-20886659784312080,PL,ExclusiveKG,6 sty. 2026,sales,55712168313383,23%,2,PL,PL,"48,84","0,00","0,00","10,56","0,00","0,00","11,24","0,00","0,00","2,43","13,67",PLN,INV-PL-1220800-2026-51,
PO-162-09031383647353113,PL,ExclusiveKG,13 sty. 2026,return,55746528071538,23%,1,PL,PL,"-43,29","0,00","0,00","-10,56","0,00","0,00","-9,96","0,00","0,00","-2,43","-12,39",PLN,,
PO-162-06751770865270861,PL,ExclusiveKG,17 sty. 2026,sales,65470333998831,23%,1,PL,PL,"15,54","0,00","0,00","10,56","0,00","0,00","3,58","0,00","0,00","2,43","6,01",PLN,INV-PL-1220800-2026-123,
PO-162-15916379057273323,PL,ExclusiveKG,20 sty. 2026,sales,64783139262991,23%,1,PL,PL,"16,65","0,00","0,00","10,56","0,00","0,00","3,83","0,00","0,00","2,43","6,26",PLN,INV-PL-1220800-2026-127,
PO-162-18178210350712384,PL,ExclusiveKG,10 sty. 2026,sales,70246337646901,23%,1,PL,PL,"12,21","0,00","0,00","10,56","0,00","0,00","2,81","0,00","0,00","2,43","5,24",PLN,INV-PL-1220800-2026-78,
PO-162-18430010773110885,PL,ExclusiveKG,10 sty. 2026,sales,55746528071538,23%,1,PL,PL,"43,29","0,00","0,00","10,56","0,00","0,00","9,96","0,00","0,00","2,43","12,39",PLN,INV-PL-1220800-2026-71,
PO-162-09117123520632600,PL,ExclusiveKG,13 sty. 2026,sales,61974230650572,23%,1,PL,PL,"0,30","6,70","0,00","0,00","0,00","0,00","0,07","1,54","0,00","0,00","1,61",PLN,INV-PL-1220800-2026-97,INV-PL-1220800-2026-98
PO-162-17497406024312314,PL,ExclusiveKG,18 sty. 2026,sales,55746528071538,23%,1,PL,PL,"43,29","0,00","0,00","10,56","0,00","0,00","9,96","0,00","0,00","2,43","12,39",PLN,INV-PL-1220800-2026-119,
PO-162-21772826593911182,PL,ExclusiveKG,23 sty. 2026,sales,68224213324370,23%,1,PL,PL,"70,46","24,54","0,00","0,00","0,00","0,00","16,20","5,64","0,00","0,00","21,84",PLN,INV-PL-1220800-2026-148,INV-PL-1220800-2026-149
PO-162-14383657697913963,PL,ExclusiveKG,28 sty. 2026,sales,66105989168936,23%,1,PL,PL,"14,43","0,00","0,00","10,56","0,00","0,00","3,32","0,00","0,00","2,43","5,75",PLN,INV-PL-1220800-2026-191,
PO-162-10124446815351492,PL,ExclusiveKG,5 sty. 2026,sales,61776662144869,23%,1,PL,PL,"97,38","0,00","0,00","0,00","0,00","0,00","22,40","0,00","0,00","0,00","22,40",PLN,INV-PL-1220800-2026-59,
PO-162-20274457226871635,PL,ExclusiveKG,14 sty. 2026,sales,55995636157652,23%,1,PL,PL,"17,76","0,00","0,00","10,56","0,00","0,00","4,09","0,00","0,00","2,43","6,52",PLN,INV-PL-1220800-2026-103,
PO-162-06668059756151326,PL,ExclusiveKG,17 sty. 2026,sales,55746528071538,23%,1,PL,PL,"43,29","0,00","0,00","10,56","0,00","0,00","9,96","0,00","0,00","2,43","12,39",PLN,,
PO-162-13076838221433606,PL,ExclusiveKG,24 sty. 2026,sales,58718645412546,23%,1,PL,PL,"12,21","0,00","0,00","10,56","0,00","0,00","2,81","0,00","0,00","2,43","5,24",PLN,INV-PL-1220800-2026-160,
PO-162-02828327503990068,PL,ExclusiveKG,27 sty. 2026,sales,55712168313383,23%,1,PL,PL,"24,42","0,00","0,00","10,56","0,00","0,00","5,62","0,00","0,00","2,43","8,05",PLN,INV-PL-1220800-2026-179,
PO-162-08536903347831885,PL,ExclusiveKG,29 sty. 2026,return,58718645412546,23%,1,PL,PL,"-12,21","0,00","0,00","-10,56","0,00","0,00","-2,81","0,00","0,00","-2,43","-5,24",PLN,,
PO-162-19414121408631435,PL,ExclusiveKG,30 sty. 2026,sales,58778774990010,23%,1,PL,PL,"17,76","0,00","0,00","10,56","0,00","0,00","4,09","0,00","0,00","2,43","6,52",PLN,,
PO-162-19765769316473499,PL,ExclusiveKG,30 sty. 2026,sales,58718645412546,23%,1,PL,PL,"12,21","0,00","0,00","10,56","0,00","0,00","2,81","0,00","0,00","2,43","5,24",PLN,,
PO-162-15728586430070091,PL,ExclusiveKG,4 sty. 2026,sales,52808770449590,23%,1,PL,PL,"12,21","0,00","0,00","10,56","0,00","0,00","2,81","0,00","0,00","2,43","5,24",PLN,INV-PL-1220800-2026-42,
PO-162-16790190398072179,PL,ExclusiveKG,2 sty. 2026,sales,61776662144869,23%,1,PL,PL,"97,38","0,00","0,00","0,00","0,00","0,00","22,40","0,00","0,00","0,00","22,40",PLN,INV-PL-1220800-2026-14,
PO-162-21255236721270141,PL,ExclusiveKG,6 sty. 2026,sales,58100170101095,23%,1,PL,PL,"53,28","0,00","0,00","0,00","0,00","0,00","12,26","0,00","0,00","0,00","12,26",PLN,INV-PL-1220800-2026-44,
PO-162-02379756812150262,PL,ExclusiveKG,15 sty. 2026,return,55995636157652,23%,1,PL,PL,"-14,56","0,00","0,00","-10,56","0,00","0,00","-3,35","0,00","0,00","-2,43","-5,78",PLN,CN-PL-1220800-2026-4,
PO-162-17513899203192472,PL,ExclusiveKG,18 sty. 2026,sales,68846178312392,23%,1,PL,PL,"16,65","0,00","0,00","10,56","0,00","0,00","3,83","0,00","0,00","2,43","6,26",PLN,INV-PL-1220800-2026-120,
PO-162-05665375836793462,PL,ExclusiveKG,1 sty. 2026,sales,56811679933856,23%,1,PL,PL,"12,21","0,00","0,00","10,56","0,00","0,00","2,81","0,00","0,00","2,43","5,24",PLN,INV-PL-1220800-2026-2,
PO-162-20728060419193314,PL,ExclusiveKG,6 sty. 2026,sales,55746528071538,23%,1,PL,PL,"43,29","0,00","0,00","10,56","0,00","0,00","9,96","0,00","0,00","2,43","12,39",PLN,INV-PL-1220800-2026-48,
PO-162-17707538760310551,PL,ExclusiveKG,18 sty. 2026,sales,53315576577817,23%,1,PL,PL,"22,20","0,00","0,00","10,56","0,00","0,00","5,11","0,00","0,00","2,43","7,54",PLN,INV-PL-1220800-2026-121,
PO-162-21909276401270115,PL,ExclusiveKG,22 sty. 2026,sales,55712168313383,23%,1,PL,PL,"24,42","0,00","0,00","10,56","0,00","0,00","5,62","0,00","0,00","2,43","8,05",PLN,INV-PL-1220800-2026-154,
PO-162-13826066647670119,PL,ExclusiveKG,28 sty. 2026,sales,58778774990010,23%,1,PL,PL,"17,76","0,00","0,00","10,56","0,00","0,00","4,09","0,00","0,00","2,43","6,52",PLN,INV-PL-1220800-2026-183,
PO-162-20630617293433638,PL,ExclusiveKG,6 sty. 2026,sales,55746528071538,23%,1,PL,PL,"43,29","0,00","0,00","10,56","0,00","0,00","9,96","0,00","0,00","2,43","12,39",PLN,INV-PL-1220800-2026-46,
PO-162-20743914847353221,PL,ExclusiveKG,6 sty. 2026,sales,56811679933856,23%,1,PL,PL,"12,21","0,00","0,00","10,56","0,00","0,00","2,81","0,00","0,00","2,43","5,24",PLN,INV-PL-1220800-2026-49,
PO-162-21526941261432904,PL,ExclusiveKG,22 sty. 2026,sales,55746528071538,23%,1,PL,PL,"43,29","0,00","0,00","10,56","0,00","0,00","9,96","0,00","0,00","2,43","12,39",PLN,INV-PL-1220800-2026-142,
PO-162-04165696225913731,PL,ExclusiveKG,3 sty. 2026,return,56811679933856,23%,1,PL,PL,"-12,21","0,00","0,00","-10,56","0,00","0,00","-2,81","0,00","0,00","-2,43","-5,24",PLN,,
PO-162-06976876498553103,PL,ExclusiveKG,9 sty. 2026,sales,55746528071538,23%,1,PL,PL,"43,29","0,00","0,00","10,56","0,00","0,00","9,96","0,00","0,00","2,43","12,39",PLN,INV-PL-1220800-2026-67,
PO-162-00869975642232607,PL,ExclusiveKG,15 sty. 2026,sales,68116033832959,23%,1,PL,PL,"38,85","0,00","0,00","10,56","0,00","0,00","8,94","0,00","0,00","2,43","11,37",PLN,INV-PL-1220800-2026-106,
PO-162-00792246408313100,PL,ExclusiveKG,15 sty. 2026,return,68949257537231,23%,1,PL,PL,"-38,85","0,00","0,00","0,00","0,00","0,00","-8,94","0,00","0,00","0,00","-8,94",PLN,,
PO-162-06668059756151326,PL,ExclusiveKG,17 sty. 2026,return,55746528071538,23%,1,PL,PL,"-43,29","0,00","0,00","-10,56","0,00","0,00","-9,96","0,00","0,00","-2,43","-12,39",PLN,,
PO-162-02247540471672618,PL,ExclusiveKG,23 sty. 2026,sales,58718645412546,23%,1,PL,PL,"12,21","0,00","0,00","10,56","0,00","0,00","2,81","0,00","0,00","2,43","5,24",PLN,,
PO-162-19316789886070095,PL,ExclusiveKG,30 sty. 2026,sales,60668560557203,23%,1,PL,PL,"55,50","0,00","0,00","0,00","0,00","0,00","12,77","0,00","0,00","0,00","12,77",PLN,INV-PL-1220800-2026-199,
PO-162-19294331471990165,PL,ExclusiveKG,30 sty. 2026,sales,58976343484569,23%,1,PL,PL,"38,85","0,00","0,00","10,56","0,00","0,00","8,94","0,00","0,00","2,43","11,37",PLN,INV-PL-1220800-2026-193,
PO-162-21276761016950269,PL,ExclusiveKG,6 sty. 2026,sales,55746528071538,23%,1,PL,PL,"43,29","0,00","0,00","0,00","0,00","0,00","9,96","0,00","0,00","0,00","9,96",PLN,INV-PL-1220800-2026-53,
PO-162-07745115840632618,PL,ExclusiveKG,25 sty. 2026,return,58718645412546,23%,1,PL,PL,"-12,21","0,00","0,00","-10,56","0,00","0,00","-2,81","0,00","0,00","-2,43","-5,24",PLN,,
PO-162-08716639109752925,PL,ExclusiveKG,29 sty. 2026,return,55995636157652,23%,0,PL,PL,"0,00","0,00","0,00","-0,42","0,00","0,00","0,00","0,00","0,00","-0,10","-0,10",PLN,,
PO-162-06559762679673797,PL,ExclusiveKG,7 sty. 2026,return,56811679933856,23%,1,PL,PL,"-7,83","0,00","0,00","-10,56","0,00","0,00","-1,80","0,00","0,00","-2,43","-4,23",PLN,CN-PL-1220800-2026-2,
PO-162-12313818440310218,PL,ExclusiveKG,16 sty. 2026,sales,68116033832959,23%,1,PL,PL,"38,85","0,00","0,00","10,56","0,00","0,00","8,94","0,00","0,00","2,43","11,37",PLN,INV-PL-1220800-2026-109,
PO-162-13378568387192320,PL,ExclusiveKG,24 sty. 2026,sales,55128052768670,23%,1,PL,PL,"18,88","0,00","0,00","10,56","0,00","0,00","4,34","0,00","0,00","2,43","6,77",PLN,INV-PL-1220800-2026-161,
PO-162-16180121827191751,PL,ExclusiveKG,20 sty. 2026,sales,55995636157652,23%,1,PL,PL,"17,44","0,00","0,00","10,56","0,00","0,00","4,02","0,00","0,00","2,43","6,45",PLN,INV-PL-1220800-2026-134,
PO-162-14008214881911977,PL,ExclusiveKG,28 sty. 2026,sales,55995636157652,23%,1,PL,PL,"17,76","0,00","0,00","10,56","0,00","0,00","4,09","0,00","0,00","2,43","6,52",PLN,INV-PL-1220800-2026-192,
PO-162-16528315295353770,PL,ExclusiveKG,2 sty. 2026,sales,56811679933856,23%,1,PL,PL,"12,21","0,00","0,00","10,56","0,00","0,00","2,81","0,00","0,00","2,43","5,24",PLN,,
PO-162-15269868920953561,PL,ExclusiveKG,4 sty. 2026,sales,68928588010641,23%,1,PL,PL,"99,90","0,00","0,00","0,00","0,00","0,00","22,98","0,00","0,00","0,00","22,98",PLN,INV-PL-1220800-2026-41,
PO-162-13139336563833970,PL,ExclusiveKG,24 sty. 2026,sales,58718645412546,23%,2,PL,PL,"24,42","0,00","0,00","10,56","0,00","0,00","5,62","0,00","0,00","2,43","8,05",PLN,INV-PL-1220800-2026-164,
PO-162-08716639109752925,PL,ExclusiveKG,29 sty. 2026,return,55995636157652,23%,0,PL,PL,"0,00","0,00","0,00","-5,07","0,00","0,00","0,00","0,00","0,00","-1,16","-1,16",PLN,,
PO-162-19441647450231335,PL,ExclusiveKG,30 sty. 2026,sales,53315576577817,23%,1,PL,PL,"22,20","0,00","0,00","10,56","0,00","0,00","5,11","0,00","0,00","2,43","7,54",PLN,,
PO-162-00401932247672245,PL,ExclusiveKG,31 sty. 2026,sales,55712168313383,23%,1,PL,PL,"20,96","1,04","0,00","10,56","0,00","0,00","4,82","0,24","0,00","2,43","7,49",PLN,,
PO-162-02040958486390491,PL,ExclusiveKG,7 sty. 2026,sales,64113124347307,23%,1,PL,PL,"74,37","0,00","0,00","0,00","0,00","0,00","17,11","0,00","0,00","0,00","17,11",PLN,INV-PL-1220800-2026-62,
PO-162-12314807035510215,PL,ExclusiveKG,16 sty. 2026,sales,68846178312392,23%,1,PL,PL,"4,45","10,55","0,00","10,56","0,00","0,00","1,03","2,43","0,00","2,43","5,89",PLN,INV-PL-1220800-2026-115,INV-PL-1220800-2026-116
PO-162-21889472087670969,PL,ExclusiveKG,22 sty. 2026,sales,55746528071538,23%,1,PL,PL,"43,29","0,00","0,00","10,56","0,00","0,00","9,96","0,00","0,00","2,43","12,39",PLN,INV-PL-1220800-2026-152,
PO-162-02355228286072232,PL,ExclusiveKG,23 sty. 2026,sales,55995636157652,23%,1,PL,PL,"17,76","0,00","0,00","10,56","0,00","0,00","4,09","0,00","0,00","2,43","6,52",PLN,INV-PL-1220800-2026-144,
PO-162-03188373911672978,PL,ExclusiveKG,27 sty. 2026,sales,58718645412546,23%,1,PL,PL,"8,16","2,84","0,00","10,56","0,00","0,00","1,88","0,65","0,00","2,43","4,96",PLN,INV-PL-1220800-2026-173,INV-PL-1220800-2026-174
PO-162-08716639109752925,PL,ExclusiveKG,29 sty. 2026,return,55995636157652,23%,1,PL,PL,"-17,76","0,00","0,00","0,00","0,00","0,00","-4,09","0,00","0,00","0,00","-4,09",PLN,,
PO-162-04381945959032152,PL,ExclusiveKG,3 sty. 2026,sales,56811679933856,23%,1,PL,PL,"12,21","0,00","0,00","10,56","0,00","0,00","2,81","0,00","0,00","2,43","5,24",PLN,INV-PL-1220800-2026-28,
PO-162-03565132590713439,PL,ExclusiveKG,11 sty. 2026,sales,68949257537231,23%,1,PL,PL,"18,52","16,48","0,00","10,56","0,00","0,00","4,27","3,79","0,00","2,43","10,49",PLN,INV-PL-1220800-2026-75,INV-PL-1220800-2026-76
PO-162-01246577010550872,PL,ExclusiveKG,15 sty. 2026,sales,55746528071538,23%,1,PL,PL,"43,29","0,00","0,00","10,56","0,00","0,00","9,96","0,00","0,00","2,43","12,39",PLN,,
PO-162-16092426870392240,PL,ExclusiveKG,20 sty. 2026,sales,70246337646901,23%,1,PL,PL,"12,21","0,00","0,00","10,56","0,00","0,00","2,81","0,00","0,00","2,43","5,24",PLN,INV-PL-1220800-2026-128,
PO-162-08539104748151871,PL,ExclusiveKG,29 sty. 2026,sales,55995636157652,23%,1,PL,PL,"17,76","0,00","0,00","10,56","0,00","0,00","4,09","0,00","0,00","2,43","6,52",PLN,INV-PL-1220800-2026-190,
PO-162-01856288945271366,PL,ExclusiveKG,7 sty. 2026,return,68846178312392,23%,1,PL,PL,"-16,65","0,00","0,00","-10,56","0,00","0,00","-3,83","0,00","0,00","-2,43","-6,26",PLN,,
PO-162-17967113651833130,PL,ExclusiveKG,10 sty. 2026,sales,58271968814384,23%,1,PL,PL,"53,28","0,00","0,00","0,00","0,00","0,00","12,26","0,00","0,00","0,00","12,26",PLN,INV-PL-1220800-2026-74,
PO-162-13157959235193125,PL,ExclusiveKG,24 sty. 2026,sales,68846178312392,23%,1,PL,PL,"16,65","0,00","0,00","10,56","0,00","0,00","3,83","0,00","0,00","2,43","6,26",PLN,INV-PL-1220800-2026-172,
PO-162-08716639109752925,PL,ExclusiveKG,29 sty. 2026,return,55995636157652,23%,0,PL,PL,"0,00","0,00","0,00","-9,74","0,00","0,00","0,00","0,00","0,00","-2,24","-2,24",PLN,,
PO-162-15577184202871217,PL,ExclusiveKG,4 sty. 2026,sales,56811679933856,23%,1,PL,PL,"12,21","0,00","0,00","10,56","0,00","0,00","2,81","0,00","0,00","2,43","5,24",PLN,INV-PL-1220800-2026-35,
PO-162-17070495135350794,PL,ExclusiveKG,2 sty. 2026,sales,56811679933856,23%,1,PL,PL,"12,21","0,00","0,00","10,56","0,00","0,00","2,81","0,00","0,00","2,43","5,24",PLN,INV-PL-1220800-2026-15,
PO-162-02037634880630287,PL,ExclusiveKG,7 sty. 2026,sales,55712168313383,23%,1,PL,PL,"24,42","0,00","0,00","10,56","0,00","0,00","5,62","0,00","0,00","2,43","8,05",PLN,,
PO-162-14537325929593095,PL,ExclusiveKG,12 sty. 2026,sales,55746528071538,23%,1,PL,PL,"31,09","7,91","0,00","10,56","0,00","0,00","7,16","1,82","0,00","2,43","11,41",PLN,INV-PL-1220800-2026-79,INV-PL-1220800-2026-80
PO-162-17062096640630812,PL,ExclusiveKG,2 sty. 2026,sales,65470333998831,23%,1,PL,PL,"15,54","0,00","0,00","10,56","0,00","0,00","3,58","0,00","0,00","2,43","6,01",PLN,INV-PL-1220800-2026-16,
PO-162-20484316703352718,PL,ExclusiveKG,2 sty. 2026,return,64654290204345,23%,1,PL,PL,"-18,60","0,00","0,00","-10,56","0,00","0,00","-4,28","0,00","0,00","-2,43","-6,71",PLN,CN-PL-1220800-2026-1,
PO-162-21143169091190553,PL,ExclusiveKG,6 sty. 2026,sales,55746528071538,23%,1,PL,PL,"43,29","0,00","0,00","10,56","0,00","0,00","9,96","0,00","0,00","2,43","12,39",PLN,INV-PL-1220800-2026-52,
PO-162-15290894569592666,PL,ExclusiveKG,4 sty. 2026,sales,56811679933856,23%,5,PL,PL,"61,05","0,00","0,00","0,00","0,00","0,00","14,05","0,00","0,00","0,00","14,05",PLN,INV-PL-1220800-2026-32,
PO-162-03693754030712158,PL,ExclusiveKG,11 sty. 2026,sales,55995636157652,23%,2,PL,PL,"35,52","0,00","0,00","10,56","0,00","0,00","8,18","0,00","0,00","2,43","10,61",PLN,INV-PL-1220800-2026-81,
PO-162-00831316485753381,PL,ExclusiveKG,15 sty. 2026,sales,55746528071538,23%,1,PL,PL,"43,29","0,00","0,00","10,56","0,00","0,00","9,96","0,00","0,00","2,43","12,39",PLN,INV-PL-1220800-2026-100,
PO-162-01235941386870680,PL,ExclusiveKG,15 sty. 2026,sales,55746528071538,23%,2,PL,PL,"86,58","0,00","0,00","0,00","0,00","0,00","19,92","0,00","0,00","0,00","19,92",PLN,INV-PL-1220800-2026-101,
PO-162-04864077845113886,PL,ExclusiveKG,19 sty. 2026,sales,55995636157652,23%,1,PL,PL,"17,76","0,00","0,00","10,56","0,00","0,00","4,09","0,00","0,00","2,43","6,52",PLN,INV-PL-1220800-2026-122,
PO-162-13142578028153985,PL,ExclusiveKG,24 sty. 2026,sales,58718645412546,23%,1,PL,PL,"12,21","0,00","0,00","10,56","0,00","0,00","2,81","0,00","0,00","2,43","5,24",PLN,INV-PL-1220800-2026-169,
PO-162-07672949527673272,PL,ExclusiveKG,25 sty. 2026,sales,58718645412546,23%,2,PL,PL,"24,42","0,00","0,00","10,56","0,00","0,00","5,62","0,00","0,00","2,43","8,05",PLN,INV-PL-1220800-2026-163,
PO-162-02897608799350745,PL,ExclusiveKG,27 sty. 2026,sales,70246337646901,23%,1,PL,PL,"12,21","0,00","0,00","10,56","0,00","0,00","2,81","0,00","0,00","2,43","5,24",PLN,INV-PL-1220800-2026-175,
PO-162-10045250614391932,PL,ExclusiveKG,5 sty. 2026,sales,56811679933856,23%,1,PL,PL,"12,21","0,00","0,00","10,56","0,00","0,00","2,81","0,00","0,00","2,43","5,24",PLN,INV-PL-1220800-2026-58,
PO-162-03848759967352034,PL,ExclusiveKG,11 sty. 2026,sales,54634936842016,23%,1,PL,PL,"16,65","0,00","0,00","10,56","0,00","0,00","3,83","0,00","0,00","2,43","6,26",PLN,INV-PL-1220800-2026-84,
PO-162-09117123520632600,PL,ExclusiveKG,13 sty. 2026,sales,54634936842016,23%,1,PL,PL,"0,66","14,34","0,00","0,00","0,00","0,00","0,15","3,30","0,00","0,00","3,45",PLN,INV-PL-1220800-2026-97,INV-PL-1220800-2026-98
PO-162-00792246408313100,PL,ExclusiveKG,15 sty. 2026,sales,55995636157652,23%,1,PL,PL,"17,76","0,00","0,00","0,00","0,00","0,00","4,09","0,00","0,00","0,00","4,09",PLN,INV-PL-1220800-2026-105,
PO-162-15896536191353184,PL,ExclusiveKG,20 sty. 2026,sales,58718645412546,23%,1,PL,PL,"12,21","0,00","0,00","10,56","0,00","0,00","2,81","0,00","0,00","2,43","5,24",PLN,INV-PL-1220800-2026-133,
PO-162-10764651571831228,PL,ExclusiveKG,21 sty. 2026,sales,58718645412546,23%,1,PL,PL,"12,21","0,00","0,00","10,56","0,00","0,00","2,81","0,00","0,00","2,43","5,24",PLN,INV-PL-1220800-2026-138,
PO-162-13378602706552320,PL,ExclusiveKG,24 sty. 2026,sales,55926916668693,23%,1,PL,PL,"9,99","0,00","0,00","0,00","0,00","0,00","2,30","0,00","0,00","0,00","2,30",PLN,INV-PL-1220800-2026-162,
PO-162-13378602706552320,PL,ExclusiveKG,24 sty. 2026,sales,59168543257461,23%,1,PL,PL,"53,28","0,00","0,00","0,00","0,00","0,00","12,26","0,00","0,00","0,00","12,26",PLN,INV-PL-1220800-2026-162,
PO-162-15548066828151135,PL,ExclusiveKG,4 sty. 2026,sales,56811679933856,23%,2,PL,PL,"24,42","0,00","0,00","10,56","0,00","0,00","5,62","0,00","0,00","2,43","8,05",PLN,INV-PL-1220800-2026-20,
PO-162-04048087859830046,PL,ExclusiveKG,11 sty. 2026,sales,55746528071538,23%,1,PL,PL,"43,29","0,00","0,00","10,56","0,00","0,00","9,96","0,00","0,00","2,43","12,39",PLN,INV-PL-1220800-2026-69,
PO-162-07835347464312048,PL,ExclusiveKG,25 sty. 2026,sales,53315576577817,23%,1,PL,PL,"16,43","3,57","0,00","10,56","0,00","0,00","3,78","0,82","0,00","2,43","7,03",PLN,INV-PL-1220800-2026-158,INV-PL-1220800-2026-159
PO-162-02962215708791382,PL,ExclusiveKG,27 sty. 2026,sales,70246337646901,23%,1,PL,PL,"12,21","0,00","0,00","10,56","0,00","0,00","2,81","0,00","0,00","2,43","5,24",PLN,INV-PL-1220800-2026-182,
PO-162-05592106102393165,PL,ExclusiveKG,1 sty. 2026,sales,60132494973231,23%,1,PL,PL,"74,37","0,00","0,00","0,00","0,00","0,00","17,11","0,00","0,00","0,00","17,11",PLN,INV-PL-1220800-2026-1,
PO-162-15210715450233144,PL,ExclusiveKG,4 sty. 2026,sales,55746528071538,23%,1,PL,PL,"43,29","0,00","0,00","10,56","0,00","0,00","9,96","0,00","0,00","2,43","12,39",PLN,INV-PL-1220800-2026-31,
PO-162-02247540471672618,PL,ExclusiveKG,23 sty. 2026,return,58718645412546,23%,1,PL,PL,"-12,21","0,00","0,00","-10,56","0,00","0,00","-2,81","0,00","0,00","-2,43","-5,24",PLN,,
PO-162-13660889713270127,PL,ExclusiveKG,24 sty. 2026,sales,67849745899989,23%,1,PL,PL,"9,16","1,84","0,00","10,56","0,00","0,00","2,11","0,42","0,00","2,43","4,96",PLN,INV-PL-1220800-2026-167,INV-PL-1220800-2026-168
PO-162-02766615237750500,PL,ExclusiveKG,27 sty. 2026,sales,55712168313383,23%,1,PL,PL,"24,42","0,00","0,00","10,56","0,00","0,00","5,62","0,00","0,00","2,43","8,05",PLN,INV-PL-1220800-2026-177,
PO-162-00238189686391045,PL,ExclusiveKG,31 sty. 2026,sales,70246337646901,23%,1,PL,PL,"12,21","0,00","0,00","10,56","0,00","0,00","2,81","0,00","0,00","2,43","5,24",PLN,,
PO-162-17153742372470266,PL,ExclusiveKG,2 sty. 2026,return,55746528071538,23%,1,PL,PL,"-43,29","0,00","0,00","-10,56","0,00","0,00","-9,96","0,00","0,00","-2,43","-12,39",PLN,,
PO-162-04351676099192876,PL,ExclusiveKG,3 sty. 2026,sales,58271968814384,23%,1,PL,PL,"53,28","0,00","0,00","0,00","0,00","0,00","12,26","0,00","0,00","0,00","12,26",PLN,INV-PL-1220800-2026-26,
PO-162-01529936059513569,PL,ExclusiveKG,7 sty. 2026,sales,55746528071538,23%,1,PL,PL,"43,29","0,00","0,00","10,56","0,00","0,00","9,96","0,00","0,00","2,43","12,39",PLN,INV-PL-1220800-2026-60,
PO-162-15504131493751685,PL,ExclusiveKG,4 sty. 2026,sales,57438745163661,23%,1,PL,PL,"12,21","0,00","0,00","10,56","0,00","0,00","2,81","0,00","0,00","2,43","5,24",PLN,INV-PL-1220800-2026-34,
PO-162-03040409787511876,PL,ExclusiveKG,27 sty. 2026,sales,58718645412546,23%,1,PL,PL,"12,21","0,00","0,00","10,56","0,00","0,00","2,81","0,00","0,00","2,43","5,24",PLN,INV-PL-1220800-2026-176,
PO-162-19273075591030290,PL,ExclusiveKG,30 sty. 2026,sales,58718645412546,23%,1,PL,PL,"12,21","0,00","0,00","10,56","0,00","0,00","2,81","0,00","0,00","2,43","5,24",PLN,,
PO-162-00425825997432164,PL,ExclusiveKG,31 sty. 2026,sales,58718645412546,23%,5,PL,PL,"61,05","0,00","0,00","0,00","0,00","0,00","14,05","0,00","0,00","0,00","14,05",PLN,,
PO-162-05917068073591962,PL,ExclusiveKG,1 sty. 2026,sales,55746528071538,23%,1,PL,PL,"43,29","0,00","0,00","10,56","0,00","0,00","9,96","0,00","0,00","2,43","12,39",PLN,INV-PL-1220800-2026-6,
PO-162-06039853082230718,PL,ExclusiveKG,1 sty. 2026,sales,52808770449590,23%,1,PL,PL,"12,21","0,00","0,00","10,56","0,00","0,00","2,81","0,00","0,00","2,43","5,24",PLN,INV-PL-1220800-2026-7,
PO-162-21073973361271220,PL,ExclusiveKG,6 sty. 2026,sales,61776662144869,23%,1,PL,PL,"97,38","0,00","0,00","0,00","0,00","0,00","22,40","0,00","0,00","0,00","22,40",PLN,INV-PL-1220800-2026-55,
PO-162-21276761016950269,PL,ExclusiveKG,6 sty. 2026,sales,55712168313383,23%,1,PL,PL,"24,42","0,00","0,00","0,00","0,00","0,00","5,62","0,00","0,00","0,00","5,62",PLN,INV-PL-1220800-2026-53,
PO-162-17982864333433292,PL,ExclusiveKG,10 sty. 2026,sales,60805999551687,23%,1,PL,PL,"38,85","0,00","0,00","10,56","0,00","0,00","8,94","0,00","0,00","2,43","11,37",PLN,,
PO-162-08048945219191289,PL,ExclusiveKG,25 sty. 2026,sales,58718645412546,23%,1,PL,PL,"12,21","0,00","0,00","10,56","0,00","0,00","2,81","0,00","0,00","2,43","5,24",PLN,INV-PL-1220800-2026-171,
PO-162-08716639109752925,PL,ExclusiveKG,29 sty. 2026,sales,55995636157652,23%,1,PL,PL,"17,76","0,00","0,00","5,07","0,00","0,00","4,09","0,00","0,00","1,16","5,25",PLN,INV-PL-1220800-2026-197,INV-PL-1220800-2026-198
PO-162-09031383647353113,PL,ExclusiveKG,13 sty. 2026,sales,55746528071538,23%,1,PL,PL,"43,29","0,00","0,00","10,56","0,00","0,00","9,96","0,00","0,00","2,43","12,39",PLN,,
PO-162-02737611515510467,PL,ExclusiveKG,23 sty. 2026,sales,68224213324370,23%,1,PL,PL,"105,46","0,00","0,00","0,00","0,00","0,00","24,25","0,00","0,00","0,00","24,25",PLN,INV-PL-1220800-2026-147,
PO-162-04363274117753065,PL,ExclusiveKG,3 sty. 2026,sales,56811679933856,23%,1,PL,PL,"12,21","0,00","0,00","10,56","0,00","0,00","2,81","0,00","0,00","2,43","5,24",PLN,INV-PL-1220800-2026-27,
PO-162-02857868936310788,PL,ExclusiveKG,27 sty. 2026,sales,65934190508958,23%,1,PL,PL,"56,84","7,16","0,00","0,00","0,00","0,00","13,07","1,65","0,00","0,00","14,72",PLN,INV-PL-1220800-2026-180,INV-PL-1220800-2026-181
PO-162-04267539753593378,PL,ExclusiveKG,3 sty. 2026,sales,55746528071538,23%,1,PL,PL,"43,29","0,00","0,00","10,56","0,00","0,00","9,96","0,00","0,00","2,43","12,39",PLN,INV-PL-1220800-2026-25,
PO-162-17982864333433292,PL,ExclusiveKG,12 sty. 2026,return,60805999551687,23%,1,PL,PL,"-38,85","0,00","0,00","-10,56","0,00","0,00","-8,94","0,00","0,00","-2,43","-11,37",PLN,,
PO-162-14491406449273849,PL,ExclusiveKG,12 sty. 2026,sales,55746528071538,23%,1,PL,PL,"43,29","0,00","0,00","10,56","0,00","0,00","9,96","0,00","0,00","2,43","12,39",PLN,INV-PL-1220800-2026-70,
PO-162-16142583739512487,PL,ExclusiveKG,20 sty. 2026,sales,70246337646901,23%,1,PL,PL,"12,21","0,00","0,00","10,56","0,00","0,00","2,81","0,00","0,00","2,43","5,24",PLN,INV-PL-1220800-2026-129,
PO-162-21474618371193472,PL,ExclusiveKG,22 sty. 2026,sales,55712168313383,23%,1,PL,PL,"24,42","0,00","0,00","10,56","0,00","0,00","5,62","0,00","0,00","2,43","8,05",PLN,INV-PL-1220800-2026-143,
PO-162-16701858007672736,PL,ExclusiveKG,2 sty. 2026,sales,55746528071538,23%,1,PL,PL,"43,29","0,00","0,00","10,56","0,00","0,00","9,96","0,00","0,00","2,43","12,39",PLN,INV-PL-1220800-2026-37,
PO-162-20749272476793445,PL,ExclusiveKG,6 sty. 2026,sales,55746528071538,23%,1,PL,PL,"43,29","0,00","0,00","10,56","0,00","0,00","9,96","0,00","0,00","2,43","12,39",PLN,INV-PL-1220800-2026-50,
PO-162-09803188447352641,PL,ExclusiveKG,5 sty. 2026,sales,68846178312392,23%,2,PL,PL,"33,30","0,00","0,00","0,00","0,00","0,00","7,66","0,00","0,00","0,00","7,66",PLN,INV-PL-1220800-2026-54,
PO-162-03655987656312929,PL,ExclusiveKG,11 sty. 2026,sales,55746528071538,23%,1,PL,PL,"43,29","0,00","0,00","10,56","0,00","0,00","9,96","0,00","0,00","2,43","12,39",PLN,INV-PL-1220800-2026-68,
PO-162-04045501553270095,PL,ExclusiveKG,11 sty. 2026,sales,54140210271535,23%,1,PL,PL,"55,50","0,00","0,00","0,00","0,00","0,00","12,77","0,00","0,00","0,00","12,77",PLN,,
PO-162-19951331113593817,PL,ExclusiveKG,14 sty. 2026,sales,55746528071538,23%,1,PL,PL,"43,29","0,00","0,00","10,56","0,00","0,00","9,96","0,00","0,00","2,43","12,39",PLN,INV-PL-1220800-2026-99,
PO-162-13960272407671175,PL,ExclusiveKG,28 sty. 2026,sales,58976343484569,23%,1,PL,PL,"29,70","5,30","0,00","10,56","0,00","0,00","6,84","1,22","0,00","2,43","10,49",PLN,INV-PL-1220800-2026-187,INV-PL-1220800-2026-188
PO-162-04292020634233456,PL,ExclusiveKG,3 sty. 2026,sales,55746528071538,23%,1,PL,PL,"43,29","0,00","0,00","10,56","0,00","0,00","9,96","0,00","0,00","2,43","12,39",PLN,INV-PL-1220800-2026-18,
PO-162-16528315295353770,PL,ExclusiveKG,2 sty. 2026,return,56811679933856,23%,1,PL,PL,"-12,21","0,00","0,00","-10,56","0,00","0,00","-2,81","0,00","0,00","-2,43","-5,24",PLN,,
PO-162-09803188447352641,PL,ExclusiveKG,5 sty. 2026,sales,55712168313383,23%,1,PL,PL,"24,42","0,00","0,00","0,00","0,00","0,00","5,62","0,00","0,00","0,00","5,62",PLN,INV-PL-1220800-2026-54,
PO-162-17795459006070059,PL,ExclusiveKG,18 sty. 2026,sales,55712168313383,23%,1,PL,PL,"18,71","3,29","0,00","10,56","0,00","0,00","4,31","0,76","0,00","2,43","7,50",PLN,INV-PL-1220800-2026-124,INV-PL-1220800-2026-125
PO-162-04731289539190070,PL,ExclusiveKG,5 sty. 2026,return,63133871828449,23%,2,PL,PL,"-46,64","0,00","0,00","-10,56","0,00","0,00","-10,72","0,00","0,00","-2,43","-13,15",PLN,,
PO-162-07493624530550023,PL,ExclusiveKG,9 sty. 2026,return,55746528071538,23%,1,PL,PL,"-43,29","0,00","0,00","-10,56","0,00","0,00","-9,96","0,00","0,00","-2,43","-12,39",PLN,,
PO-162-18187222861432330,PL,ExclusiveKG,10 sty. 2026,sales,62446677011648,23%,1,PL,PL,"18,88","0,00","0,00","10,56","0,00","0,00","4,34","0,00","0,00","2,43","6,77",PLN,INV-PL-1220800-2026-90,
PO-162-18530445297270284,PL,ExclusiveKG,10 sty. 2026,sales,58271968814384,23%,1,PL,PL,"53,28","0,00","0,00","0,00","0,00","0,00","12,26","0,00","0,00","0,00","12,26",PLN,INV-PL-1220800-2026-73,
PO-162-16147764193912454,PL,ExclusiveKG,20 sty. 2026,sales,53315576577817,23%,2,PL,PL,"33,58","6,42","0,00","10,56","0,00","0,00","7,72","1,48","0,00","2,43","11,63",PLN,INV-PL-1220800-2026-130,INV-PL-1220800-2026-131
PO-162-13378602706552320,PL,ExclusiveKG,24 sty. 2026,sales,64302102880366,23%,1,PL,PL,"40,98","0,00","0,00","0,00","0,00","0,00","9,42","0,00","0,00","0,00","9,42",PLN,INV-PL-1220800-2026-162,
PO-162-07745115840632618,PL,ExclusiveKG,25 sty. 2026,sales,58718645412546,23%,1,PL,PL,"12,21","0,00","0,00","10,56","0,00","0,00","2,81","0,00","0,00","2,43","5,24",PLN,,
PO-162-16514327347833823,PL,ExclusiveKG,2 sty. 2026,sales,55746528071538,23%,1,PL,PL,"43,29","0,00","0,00","10,56","0,00","0,00","9,96","0,00","0,00","2,43","12,39",PLN,INV-PL-1220800-2026-13,
PO-162-04590334856311166,PL,ExclusiveKG,3 sty. 2026,sales,56811679933856,23%,1,PL,PL,"9,44","1,56","0,00","10,56","0,00","0,00","2,17","0,36","0,00","2,43","4,96",PLN,INV-PL-1220800-2026-29,INV-PL-1220800-2026-30
PO-162-12563894037112792,PL,ExclusiveKG,8 sty. 2026,sales,55746528071538,23%,2,PL,PL,"86,58","0,00","0,00","0,00","0,00","0,00","19,92","0,00","0,00","0,00","19,92",PLN,INV-PL-1220800-2026-66,
PO-162-14934992438391493,PL,ExclusiveKG,12 sty. 2026,sales,55746528071538,23%,2,PL,PL,"86,58","0,00","0,00","0,00","0,00","0,00","19,92","0,00","0,00","0,00","19,92",PLN,INV-PL-1220800-2026-93,
PO-162-11956554767992060,PL,ExclusiveKG,16 sty. 2026,sales,66105989168936,23%,1,PL,PL,"14,43","0,00","0,00","10,56","0,00","0,00","3,32","0,00","0,00","2,43","5,75",PLN,INV-PL-1220800-2026-113,
PO-162-02360638779512200,PL,ExclusiveKG,23 sty. 2026,sales,58718645412546,23%,1,PL,PL,"12,21","0,00","0,00","10,56","0,00","0,00","2,81","0,00","0,00","2,43","5,24",PLN,INV-PL-1220800-2026-165,
PO-162-08716639109752925,PL,ExclusiveKG,29 sty. 2026,return,55995636157652,23%,0,PL,PL,"0,00","0,00","0,00","-4,67","0,00","0,00","0,00","0,00","0,00","-1,07","-1,07",PLN,,
PO-162-00623250913913868,PL,ExclusiveKG,31 sty. 2026,sales,55995636157652,23%,1,PL,PL,"17,76","0,00","0,00","10,56","0,00","0,00","4,09","0,00","0,00","2,43","6,52",PLN,,
PO-162-01246577010550872,PL,ExclusiveKG,15 sty. 2026,return,55746528071538,23%,1,PL,PL,"-43,29","0,00","0,00","-10,56","0,00","0,00","-9,96","0,00","0,00","-2,43","-12,39",PLN,,
PO-162-01242232987510642,PL,ExclusiveKG,15 sty. 2026,sales,55746528071538,23%,1,PL,PL,"43,29","0,00","0,00","10,56","0,00","0,00","9,96","0,00","0,00","2,43","12,39",PLN,INV-PL-1220800-2026-108,
PO-162-09382868524150024,PL,ExclusiveKG,16 sty. 2026,return,55746528071538,23%,1,PL,PL,"-37,20","0,00","0,00","-10,56","0,00","0,00","-8,56","0,00","0,00","-2,43","-10,99",PLN,CN-PL-1220800-2026-5,
PO-162-19602078303352555,PL,ExclusiveKG,30 sty. 2026,sales,55995636157652,23%,1,PL,PL,"17,76","0,00","0,00","10,56","0,00","0,00","4,09","0,00","0,00","2,43","6,52",PLN,,
PO-162-08716639109752925,PL,ExclusiveKG,29 sty. 2026,sales,55995636157652,23%,1,PL,PL,"1,50","14,50","0,00","10,56","0,00","0,00","0,35","3,34","0,00","2,43","6,12",PLN,INV-PL-1220800-2026-197,INV-PL-1220800-2026-198
PO-162-00238189686391045,PL,ExclusiveKG,31 sty. 2026,return,70246337646901,23%,1,PL,PL,"-12,21","0,00","0,00","-10,56","0,00","0,00","-2,81","0,00","0,00","-2,43","-5,24",PLN,,
PO-162-17153742372470266,PL,ExclusiveKG,2 sty. 2026,sales,55746528071538,23%,1,PL,PL,"43,29","0,00","0,00","10,56","0,00","0,00","9,96","0,00","0,00","2,43","12,39",PLN,,
PO-162-18297513045111131,PL,ExclusiveKG,10 sty. 2026,sales,55995636157652,23%,1,PL,PL,"17,76","0,00","0,00","10,56","0,00","0,00","4,09","0,00","0,00","2,43","6,52",PLN,INV-PL-1220800-2026-82,
PO-162-17001879731831461,PL,ExclusiveKG,2 sty. 2026,sales,56811679933856,23%,1,PL,PL,"12,21","0,00","0,00","10,56","0,00","0,00","2,81","0,00","0,00","2,43","5,24",PLN,INV-PL-1220800-2026-23,
PO-162-12748073884791726,PL,ExclusiveKG,8 sty. 2026,sales,55746528071538,23%,1,PL,PL,"43,29","0,00","0,00","10,56","0,00","0,00","9,96","0,00","0,00","2,43","12,39",PLN,INV-PL-1220800-2026-63,
PO-162-15337055373432937,PL,ExclusiveKG,4 sty. 2026,sales,55712168313383,23%,1,PL,PL,"24,42","0,00","0,00","10,56","0,00","0,00","5,62","0,00","0,00","2,43","8,05",PLN,INV-PL-1220800-2026-33,
PO-162-17211822418553792,PL,ExclusiveKG,18 sty. 2026,sales,52963389226870,23%,1,PL,PL,"16,64","0,00","0,00","10,56","0,00","0,00","3,83","0,00","0,00","2,43","6,26",PLN,INV-PL-1220800-2026-118,
PO-162-13327833375352110,PL,ExclusiveKG,25 sty. 2026,sales,65470333998831,23%,1,PL,PL,"15,54","0,00","0,00","0,00","0,00","0,00","3,58","0,00","0,00","0,00","3,58",PLN,INV-PL-1220800-2026-170,
PO-162-19414179745911435,PL,ExclusiveKG,30 sty. 2026,sales,58778774990010,23%,1,PL,PL,"17,76","0,00","0,00","10,56","0,00","0,00","4,09","0,00","0,00","2,43","6,52",PLN,,
PO-162-16852064604791584,PL,ExclusiveKG,2 sty. 2026,sales,56811679933856,23%,1,PL,PL,"12,21","0,00","0,00","10,56","0,00","0,00","2,81","0,00","0,00","2,43","5,24",PLN,INV-PL-1220800-2026-39,
PO-162-15372506133112949,PL,ExclusiveKG,4 sty. 2026,sales,56811679933856,23%,1,PL,PL,"12,21","0,00","0,00","10,56","0,00","0,00","2,81","0,00","0,00","2,43","5,24",PLN,INV-PL-1220800-2026-24,
PO-162-02037634880630287,PL,ExclusiveKG,8 sty. 2026,return,55712168313383,23%,1,PL,PL,"-24,42","0,00","0,00","-10,56","0,00","0,00","-5,62","0,00","0,00","-2,43","-8,05",PLN,,
PO-162-17969262840953087,PL,ExclusiveKG,10 sty. 2026,sales,54634936842016,23%,1,PL,PL,"16,65","0,00","0,00","10,56","0,00","0,00","3,83","0,00","0,00","2,43","6,26",PLN,INV-PL-1220800-2026-85,
PO-162-03513064218234005,PL,ExclusiveKG,11 sty. 2026,sales,65470333998831,23%,1,PL,PL,"15,54","0,00","0,00","10,56","0,00","0,00","3,58","0,00","0,00","2,43","6,01",PLN,INV-PL-1220800-2026-86,
PO-162-14869395802231114,PL,ExclusiveKG,12 sty. 2026,sales,55746528071538,23%,1,PL,PL,"43,29","0,00","0,00","10,56","0,00","0,00","9,96","0,00","0,00","2,43","12,39",PLN,INV-PL-1220800-2026-92,
PO-162-06228351263353949,PL,ExclusiveKG,17 sty. 2026,sales,55746528071538,23%,1,PL,PL,"27,03","11,97","0,00","10,56","0,00","0,00","6,22","2,75","0,00","2,43","11,40",PLN,INV-PL-1220800-2026-111,INV-PL-1220800-2026-112
PO-162-05185743637111747,PL,ExclusiveKG,19 sty. 2026,sales,68846178312392,23%,1,PL,PL,"16,65","0,00","0,00","10,56","0,00","0,00","3,83","0,00","0,00","2,43","6,26",PLN,INV-PL-1220800-2026-132,
PO-162-12322944686710132,PL,ExclusiveKG,16 sty. 2026,sales,55746528071538,23%,1,PL,PL,"43,29","0,00","0,00","10,56","0,00","0,00","9,96","0,00","0,00","2,43","12,39",PLN,INV-PL-1220800-2026-107,
PO-162-05180341238391779,PL,ExclusiveKG,19 sty. 2026,sales,53315576577817,23%,1,PL,PL,"22,20","0,00","0,00","10,56","0,00","0,00","5,11","0,00","0,00","2,43","7,54",PLN,INV-PL-1220800-2026-110,
PO-162-10915976254070070,PL,ExclusiveKG,21 sty. 2026,sales,63133871828449,23%,3,PL,PL,"69,96","0,00","0,00","0,00","0,00","0,00","16,08","0,00","0,00","0,00","16,08",PLN,INV-PL-1220800-2026-135,
PO-162-05901073165431803,PL,ExclusiveKG,1 sty. 2026,sales,69066026959882,23%,1,PL,PL,"42,86","0,00","0,00","10,56","0,00","0,00","9,86","0,00","0,00","2,43","12,29",PLN,INV-PL-1220800-2026-5,
PO-162-06904398981753759,PL,ExclusiveKG,9 sty. 2026,sales,65470333998831,23%,1,PL,PL,"15,54","0,00","0,00","10,56","0,00","0,00","3,58","0,00","0,00","2,43","6,01",PLN,INV-PL-1220800-2026-87,
PO-162-02023610217590371,PL,ExclusiveKG,7 sty. 2026,sales,68846178312392,23%,1,PL,PL,"16,65","0,00","0,00","10,56","0,00","0,00","3,83","0,00","0,00","2,43","6,26",PLN,INV-PL-1220800-2026-61,
PO-162-14575115620473380,PL,ExclusiveKG,12 sty. 2026,sales,55746528071538,23%,1,PL,PL,"43,29","0,00","0,00","10,56","0,00","0,00","9,96","0,00","0,00","2,43","12,39",PLN,INV-PL-1220800-2026-91,
PO-162-13327833375352110,PL,ExclusiveKG,25 sty. 2026,sales,54772375775018,23%,1,PL,PL,"42,86","0,00","0,00","0,00","0,00","0,00","9,86","0,00","0,00","0,00","9,86",PLN,INV-PL-1220800-2026-170,
PO-162-00425825997432164,PL,ExclusiveKG,31 sty. 2026,sales,57163867231571,23%,1,PL,PL,"5,10","0,00","0,00","0,00","0,00","0,00","1,17","0,00","0,00","0,00","1,17",PLN,,
PO-162-18076111852152736,PL,ExclusiveKG,10 sty. 2026,sales,68846178312392,23%,1,PL,PL,"16,65","0,00","0,00","10,56","0,00","0,00","3,83","0,00","0,00","2,43","6,26",PLN,INV-PL-1220800-2026-89,
PO-162-07412145485430765,PL,ExclusiveKG,9 sty. 2026,sales,60805999551687,23%,1,PL,PL,"38,85","0,00","0,00","10,56","0,00","0,00","8,94","0,00","0,00","2,43","11,37",PLN,INV-PL-1220800-2026-77,
PO-162-10785103908471394,PL,ExclusiveKG,21 sty. 2026,sales,55712168313383,23%,1,PL,PL,"12,22","9,78","0,00","10,56","0,00","0,00","2,82","2,25","0,00","2,43","7,50",PLN,INV-PL-1220800-2026-136,INV-PL-1220800-2026-137
PO-162-16668363162232681,PL,ExclusiveKG,2 sty. 2026,sales,58168889577706,23%,1,PL,PL,"22,56","0,00","0,00","10,56","0,00","0,00","5,19","0,00","0,00","2,43","7,62",PLN,INV-PL-1220800-2026-17,
PO-162-16932716588151104,PL,ExclusiveKG,2 sty. 2026,sales,54634936824277,23%,1,PL,PL,"14,83","2,17","0,00","6,41","0,00","0,00","3,41","0,50","0,00","1,48","5,39",PLN,INV-PL-1220800-2026-11,INV-PL-1220800-2026-12
PO-162-15309960060792584,PL,ExclusiveKG,4 sty. 2026,sales,68846178312392,23%,1,PL,PL,"16,65","0,00","0,00","10,56","0,00","0,00","3,83","0,00","0,00","2,43","6,26",PLN,INV-PL-1220800-2026-19,
PO-162-04165696225913731,PL,ExclusiveKG,3 sty. 2026,sales,56811679933856,23%,1,PL,PL,"12,21","0,00","0,00","10,56","0,00","0,00","2,81","0,00","0,00","2,43","5,24",PLN,,
PO-162-01856288945271366,PL,ExclusiveKG,7 sty. 2026,sales,68846178312392,23%,1,PL,PL,"16,65","0,00","0,00","10,56","0,00","0,00","3,83","0,00","0,00","2,43","6,26",PLN,,
PO-162-18026224220793546,PL,ExclusiveKG,10 sty. 2026,sales,55746528071538,23%,1,PL,PL,"43,29","0,00","0,00","10,56","0,00","0,00","9,96","0,00","0,00","2,43","12,39",PLN,INV-PL-1220800-2026-72,
PO-162-10886736502390788,PL,ExclusiveKG,22 sty. 2026,return,65934190508958,23%,1,PL,PL,"-57,06","-6,94","0,00","0,00","0,00","0,00","-13,12","-1,60","0,00","0,00","-14,72",PLN,,
PO-162-10634754880632546,PL,ExclusiveKG,21 sty. 2026,sales,55995636157652,23%,1,PL,PL,"17,76","0,00","0,00","10,56","0,00","0,00","4,09","0,00","0,00","2,43","6,52",PLN,INV-PL-1220800-2026-139,
PO-162-08716639109752925,PL,ExclusiveKG,29 sty. 2026,sales,55995636157652,23%,1,PL,PL,"17,76","0,00","0,00","9,74","0,00","0,00","4,09","0,00","0,00","2,24","6,33",PLN,INV-PL-1220800-2026-197,INV-PL-1220800-2026-198
PO-162-08716639109752925,PL,ExclusiveKG,29 sty. 2026,return,55995636157652,23%,0,PL,PL,"0,00","0,00","0,00","-5,07","0,00","0,00","0,00","0,00","0,00","-1,17","-1,17",PLN,,
PO-162-19478829194871048,PL,ExclusiveKG,30 sty. 2026,sales,58718645412546,23%,2,PL,PL,"16,28","5,72","0,00","10,56","0,00","0,00","3,76","1,32","0,00","2,43","7,51",PLN,INV-PL-1220800-2026-194,INV-PL-1220800-2026-195
PO-162-21073973361271220,PL,ExclusiveKG,19 sty. 2026,return,61776662144869,23%,1,PL,PL,"-97,38","0,00","0,00","0,00","0,00","0,00","-22,40","0,00","0,00","0,00","-22,40",PLN,CN-PL-1220800-2026-6,
PO-162-02110743922553915,PL,ExclusiveKG,23 sty. 2026,sales,55995636157652,23%,1,PL,PL,"17,76","0,00","0,00","10,56","0,00","0,00","4,09","0,00","0,00","2,43","6,52",PLN,INV-PL-1220800-2026-156,
PO-162-14303321319033224,PL,ExclusiveKG,28 sty. 2026,sales,58718645412546,23%,1,PL,PL,"12,21","0,00","0,00","10,56","0,00","0,00","2,81","0,00","0,00","2,43","5,24",PLN,INV-PL-1220800-2026-184,
PO-162-00416304991352095,PL,ExclusiveKG,31 sty. 2026,sales,58718645412546,23%,1,PL,PL,"12,21","0,00","0,00","10,56","0,00","0,00","2,81","0,00","0,00","2,43","5,24",PLN,,
PO-162-08536903347831885,PL,ExclusiveKG,29 sty. 2026,sales,58718645412546,23%,1,PL,PL,"12,21","0,00","0,00","10,56","0,00","0,00","2,81","0,00","0,00","2,43","5,24",PLN,,
PO-162-17048689623670668,PL,ExclusiveKG,2 sty. 2026,sales,56811679933856,23%,1,PL,PL,"12,21","0,00","0,00","10,56","0,00","0,00","2,81","0,00","0,00","2,43","5,24",PLN,INV-PL-1220800-2026-40,
PO-162-12785926197112012,PL,ExclusiveKG,8 sty. 2026,sales,55746528071538,23%,1,PL,PL,"43,29","0,00","0,00","10,56","0,00","0,00","9,96","0,00","0,00","2,43","12,39",PLN,INV-PL-1220800-2026-65,
PO-162-12700068255352524,PL,ExclusiveKG,8 sty. 2026,sales,55746528071538,23%,2,PL,PL,"86,58","0,00","0,00","0,00","0,00","0,00","19,92","0,00","0,00","0,00","19,92",PLN,INV-PL-1220800-2026-64,
PO-162-01334141025910382,PL,ExclusiveKG,15 sty. 2026,sales,55746528071538,23%,1,PL,PL,"43,29","0,00","0,00","10,56","0,00","0,00","9,96","0,00","0,00","2,43","12,39",PLN,INV-PL-1220800-2026-104,
PO-162-02488241833591921,PL,ExclusiveKG,23 sty. 2026,sales,55995636157652,23%,1,PL,PL,"14,62","1,38","0,00","10,56","0,00","0,00","3,37","0,32","0,00","2,43","6,12",PLN,INV-PL-1220800-2026-145,INV-PL-1220800-2026-146
PO-162-16932716588151104,PL,ExclusiveKG,2 sty. 2026,sales,67849745899989,23%,1,PL,PL,"9,59","1,41","0,00","4,15","0,00","0,00","2,21","0,32","0,00","0,95","3,48",PLN,INV-PL-1220800-2026-11,INV-PL-1220800-2026-12
PO-162-02800174641270172,PL,ExclusiveKG,27 sty. 2026,sales,70246337646901,23%,1,PL,PL,"12,21","0,00","0,00","10,56","0,00","0,00","2,81","0,00","0,00","2,43","5,24",PLN,INV-PL-1220800-2026-178,
PO-162-12302787948150028,PL,ExclusiveKG,16 sty. 2026,sales,65161096345584,23%,1,PL,PL,"43,29","0,00","0,00","10,56","0,00","0,00","9,96","0,00","0,00","2,43","12,39",PLN,INV-PL-1220800-2026-114,
PO-162-08716639109752925,PL,ExclusiveKG,29 sty. 2026,return,55995636157652,23%,0,PL,PL,"0,00","0,00","0,00","-0,40","0,00","0,00","0,00","0,00","0,00","-0,09","-0,09",PLN,,
PO-162-19414121408631435,PL,ExclusiveKG,30 sty. 2026,return,58778774990010,23%,1,PL,PL,"-17,76","0,00","0,00","-10,56","0,00","0,00","-4,09","0,00","0,00","-2,43","-6,52",PLN,,
PO-162-08921310561913625,PL,ExclusiveKG,29 sty. 2026,sales,55995636157652,23%,1,PL,PL,"17,76","0,00","0,00","10,56","0,00","0,00","4,09","0,00","0,00","2,43","6,52",PLN,INV-PL-1220800-2026-189,
PO-162-05891498696311858,PL,ExclusiveKG,2 sty. 2026,sales,56811679933856,23%,1,PL,PL,"8,10","2,90","0,00","10,56","0,00","0,00","1,87","0,67","0,00","2,43","4,97",PLN,INV-PL-1220800-2026-3,INV-PL-1220800-2026-4
PO-162-01442571838074088,PL,ExclusiveKG,7 sty. 2026,sales,55746528071538,23%,1,PL,PL,"43,29","0,00","0,00","10,56","0,00","0,00","9,96","0,00","0,00","2,43","12,39",PLN,INV-PL-1220800-2026-45,
PO-162-07493624530550023,PL,ExclusiveKG,9 sty. 2026,sales,55746528071538,23%,1,PL,PL,"43,29","0,00","0,00","10,56","0,00","0,00","9,96","0,00","0,00","2,43","12,39",PLN,,
PO-162-00792246408313100,PL,ExclusiveKG,15 sty. 2026,sales,68949257537231,23%,1,PL,PL,"38,85","0,00","0,00","0,00","0,00","0,00","8,94","0,00","0,00","0,00","8,94",PLN,INV-PL-1220800-2026-105,
PO-162-19944548495993632,PL,ExclusiveKG,14 sty. 2026,sales,55746528071538,23%,1,PL,PL,"43,29","0,00","0,00","10,56","0,00","0,00","9,96","0,00","0,00","2,43","12,39",PLN,INV-PL-1220800-2026-102,
PO-162-09104614633593477,PL,ExclusiveKG,13 sty. 2026,sales,55746528071538,23%,2,PL,PL,"86,58","0,00","0,00","0,00","0,00","0,00","19,92","0,00","0,00","0,00","19,92",PLN,INV-PL-1220800-2026-96,
PO-162-20713861202553110,PL,ExclusiveKG,6 sty. 2026,sales,68846178312392,23%,1,PL,PL,"16,65","0,00","0,00","10,56","0,00","0,00","3,83","0,00","0,00","2,43","6,26",PLN,INV-PL-1220800-2026-47,
PO-162-04045501553270095,PL,ExclusiveKG,11 sty. 2026,return,54140210271535,23%,1,PL,PL,"-55,50","0,00","0,00","0,00","0,00","0,00","-12,77","0,00","0,00","0,00","-12,77",PLN,,
PO-162-09453661527670626,PL,ExclusiveKG,13 sty. 2026,sales,55746528071538,23%,1,PL,PL,"43,29","0,00","0,00","10,56","0,00","0,00","9,96","0,00","0,00","2,43","12,39",PLN,INV-PL-1220800-2026-94,
PO-162-05034851866232900,PL,ExclusiveKG,19 sty. 2026,sales,55995636157652,23%,1,PL,PL,"17,76","0,00","0,00","10,56","0,00","0,00","4,09","0,00","0,00","2,43","6,52",PLN,INV-PL-1220800-2026-126,
PO-162-02517333806711266,PL,ExclusiveKG,23 sty. 2026,sales,55995636157652,23%,1,PL,PL,"17,76","0,00","0,00","10,56","0,00","0,00","4,09","0,00","0,00","2,43","6,52",PLN,INV-PL-1220800-2026-153,
PO-162-03143755081592220,PL,ExclusiveKG,27 sty. 2026,sales,70246337646901,23%,1,PL,PL,"12,21","0,00","0,00","10,56","0,00","0,00","2,81","0,00","0,00","2,43","5,24",PLN,INV-PL-1220800-2026-185,
